id,nombre,ciudad,email
1,Ana,Bogotá,ana1@email.com
2,Pedro,Medellín,pedro2@email.com
3,Laura,Cali,laura3@email.com
4,Javier,Bogotá,javier4@email.com
5,Marta,Medellín,marta5@email.com
6,Carlos,Cali,carlos6@email.com
7,Elena,Barranquilla,elena7@email.com
8,Sofía,Cartagena,sofia8@email.com
9,Andrés,Bucaramanga,andres9@email.com
10,Patricia,Pereira,patricia10@email.com
11,Mario,Santa Marta,mario11@email.com
12,Valeria,Bogotá,valeria12@email.com
13,Luis,Medellín,luis13@email.com
14,Lucía,Cali,lucia14@email.com
15,Camila,Bogotá,camila15@email.com
16,Jorge,Medellín,jorge16@email.com
17,Santiago,Cali,santiago17@email.com
18,Paula,Bogotá,paula18@email.com
19,Isabel,Medellín,isabel19@email.com
20,Fernando,Cali,fernando20@email.com
21,Ricardo,Bogotá,ricardo21@email.com
22,Alejandra,Medellín,alejandra22@email.com
23,Diego,Cali,diego23@email.com
24,Carolina,Bogotá,carolina24@email.com
25,Natalia,Medellín,natalia25@email.com
26,Andres,Cali,andres26@email.com
27,Katherine,Bogotá,katherine27@email.com
28,Juan,Medellín,juan28@email.com
29,Marcela,Cali,marcela29@email.com
30,Hernán,Bogotá,hernan30@email.com
31,Paola,Medellín,paola31@email.com
32,Daniel,Cali,daniel32@email.com
33,Verónica,Bogotá,veronica33@email.com
34,Alberto,Medellín,alberto34@email.com
35,Sandra,Cali,sandra35@email.com
36,Andrés,Bogotá,andres36@email.com
37,Jessica,Medellín,jessica37@email.com
38,Camilo,Cali,camilo38@email.com
39,Daniela,Bogotá,daniela39@email.com
40,Fabio,Medellín,fabio40@email.com
41,Mariana,Cali,mariana41@email.com
42,Miguel,Bogotá,miguel42@email.com
43,Ana Sofía,Medellín,anasofia43@email.com
44,Anderson,Cali,anderson44@email.com
45,María,Bogotá,maria45@email.com
46,Esteban,Medellín,esteban46@email.com
47,Karla,Cali,karla47@email.com
48,Oscar,Bogotá,oscar48@email.com
49,Sofía Camila,Medellín,sofiacamila49@email.com
50,Julian,Cali,julian50@email.com
51,Nora,Bogotá,nora51@email.com
52,Alfonso,Medellín,alfonso52@email.com
53,Lina,Cali,lina53@email.com
54,Andres Felipe,Bogotá,andresfelipe54@email.com
55,Camila Andrea,Medellín,camilaandrea55@email.com
56,Felipe,Cali,felipe56@email.com
57,Diana,Bogotá,diana57@email.com
58,Jhon,Medellín,jhon58@email.com
59,Paula Andrea,Cali,paulaandrea59@email.com
60,Roberto,Bogotá,roberto60@email.com
61,Valentina,Medellín,valentina61@email.com
62,Ernesto,Cali,ernesto62@email.com
63,Sandra Andrea,Bogotá,sandraandrea63@email.com
64,Camilo Andres,Medellín,camiloandres64@email.com
65,Luciana,Cali,luciana65@email.com
66,Daniel,Bogotá,daniel66@email.com
67,Vanessa,Medellín,vanessa67@email.com
68,Héctor,Cali,hector68@email.com
69,Natalia Andrea,Bogotá,nataliaandrea69@email.com
70,Esteban Andrés,Medellín,estebanandres70@email.com
71,Alejandra Camila,Cali,alejandracamila71@email.com
72,Juan Pablo,Bogotá,juanpablo72@email.com
73,Isabella,Medellín,isabella73@email.com
74,Luis Fernando,Cali,luisfernando74@email.com
75,Laura Camila,Bogotá,lauracamila75@email.com
76,Diego Alejandro,Medellín,diegoalexandre76@email.com
77,Mariana Andrea,Cali,marianaandrea77@email.com
78,Camilo José,Bogotá,camilojo77@email.com
79,Sofía Valentina,Medellín,sofiavalentina79@email.com
80,Fernando Andrés,Cali,fernandoandres80@email.com
81,Katherine Andrea,Bogotá,katherineandrea81@email.com
82,Jhonatan,Medellín,jhonatan82@email.com
83,Valeria Camila,Cali,valeriacamila83@email.com
84,Alfredo,Bogotá,alfredo84@email.com
85,Carolina Andrea,Medellín,carolinaandrea85@email.com
86,Felipe Andrés,Cali,felipeandres86@email.com
87,Paola Camila,Bogotá,paolacamila87@email.com
88,Camilo Alejandro,Medellín,camiloalejandro88@email.com
89,Lina Andrea,Cali,linaandrea89@email.com
90,Ricardo Andrés,Bogotá,ricardoandres90@email.com
91,Mariana Sofía,Medellín,marianasofia91@email.com
92,Andres Camilo,Cali,andrescamilo92@email.com
93,Jessica Andrea,Bogotá,jessicaandrea93@email.com
94,Daniel Alejandro,Medellín,danielalejandro94@email.com
95,Sofía Andrea,Cali,sofiaandrea95@email.com
96,Juan Andrés,Bogotá,juanandres96@email.com
97,Valentina Andrea,Medellín,valentinaandrea97@email.com
98,Luis Andrés,Cali,luisandres98@email.com
99,Laura Sofía,Bogotá,laurasofia99@email.com
100,Felipe Camilo,Medellín,felipecamilo100@email.com
